"","It_is_hard_or_impossible_to_call_him_her_back","Separation_anxiety","Noise_sensitive_thunder._firecrackers._etc.","Aggression_towards_other_dogs","He_she_barks_too_much","Jumps_on_people","Shy","Aggression_towards_people","Hyperactive","Adult_man","Another_dog","Adult_woman","Postman","Children_less_than_10_years_old","A_man_with_a_beard","A_person_who_walks_unusually_limping._walking_with_a_cane._staggering","veterinarian"
"1",0.115606936416185,0.186897880539499,0.348747591522158,0.385356454720617,0.233140655105973,0.235067437379576,0.366088631984586,0.393063583815029,0.148362235067437,0.911368015414258,0.647398843930636,0.589595375722543,0.524084778420039,0.458574181117534,0.593448940269749,0.710982658959538,0.267822736030829
"2",0.0962904498816101,0.136937647987372,0.267561168113654,0.154696132596685,0.116614048934491,0.204025256511444,0.148973954222573,0.0197316495659037,0.101617995264404,0.0400552486187845,0.369771112865036,0.00177584846093133,0.0661010260457774,0.0574191002367798,0.0110497237569061,0.164956590370955,0.042423046566693
